protocol,0_prct_err,1_prct_err
AND,592029239537753.1,73516262.28282075
OR,46.04315238755703,6.99784303095282
