protocol,0_prct_err,1_prct_err
AND,48.102006741346834,187.40222802121082
OR,11.420677788331284,4.902971594557593
